Armentieres;ARMENTIERES;59280;50.689477;2.886280
Wasquehal;WASQUEHAL CEDEX;59290;50.681392;3.124092
Lomme;LOMME CEDEX;59461;50.652431;2.976368
Lille;LILLE;59777;50.637156;3.075506
